{"chunk_definitions":[{"row":9,"row_count":1,"visible":true,"expansion_state":0,"options":{"engine":"r","label":"setup","include":false},"document_id":"83426C93","chunk_id":"csetup_chunk","chunk_label":"setup"},{"row":57,"row_count":1,"visible":true,"expansion_state":0,"options":{"engine":"r","label":"packages","include":true},"document_id":"83426C93","chunk_id":"cvdgmhru986us","chunk_label":"packages"},{"row":82,"row_count":1,"visible":true,"expansion_state":0,"options":{"engine":"r","label":"read"},"document_id":"83426C93","chunk_id":"crj1rugw3kb12","chunk_label":"read"},{"row":106,"row_count":1,"visible":true,"expansion_state":0,"options":{"engine":"r","echo":true,"include":false,"eval":false,"label":"unnamed-chunk-1"},"document_id":"83426C93","chunk_id":"chx6cv3c2ozaw","chunk_label":"unnamed-chunk-1"},{"row":120,"row_count":1,"visible":true,"expansion_state":0,"options":{"engine":"r","label":"unnamed-chunk-5"},"document_id":"83426C93","chunk_id":"c3xlfe51eyuok","chunk_label":"unnamed-chunk-2"},{"row":124,"row_count":1,"visible":true,"expansion_state":0,"options":{"engine":"r","label":"unnamed-chunk-6"},"document_id":"83426C93","chunk_id":"c3ax7xv6g4lug","chunk_label":"unnamed-chunk-3"},{"row":201,"row_count":1,"visible":true,"expansion_state":0,"options":{"engine":"r","label":"unnamed-chunk-8"},"document_id":"83426C93","chunk_id":"c8d5v11hcsmmf","chunk_label":"unnamed-chunk-10"},{"row":237,"row_count":1,"visible":true,"expansion_state":0,"options":{"engine":"r","echo":true,"label":"unnamed-chunk-9"},"document_id":"83426C93","chunk_id":"culz98htlzck8","chunk_label":"unnamed-chunk-15"}],"doc_write_time":1629694251,"working_dir":null,"default_chunk_options":{"echo":true,"message":false,"warning":false}}